Model,2022-08-08T00:00:00.000Z,2022-08-15T00:00:00.000Z,2022-08-22T00:00:00.000Z,2022-08-29T00:00:00.000Z,2022-09-05T00:00:00.000Z,2022-09-12T00:00:00.000Z,2022-09-19T00:00:00.000Z
thusken/nb-bert-large-user-needs,71,89,63,166,153,251,89
rizkyds/bert-phb,36,720,440,375,1187,416,2
huggingtweets/apesahoy-nsp_gpt2-powerdril_gpt2,379,5,3,,,,
EMBO/sd-ner-v2,16,126,58,71,0,3,
tner/roberta-large-wnut2017,27,30,0,7,15,19,12
SamuelYang/SentMAE,87,49,61,75,154,42,
carted-nlp/categorization-finetuned-20220721-164940-distilled-20220811-132317,114,3,0,0,3,14,
dsantistevan/bert-base-cased-bert-yoga-finetuned,24,13,16,39,14,8,
carted-nlp/categorization-finetuned-20220721-164940-distilled-20220811-013354,109,6,0,3,3,17,
carted-nlp/categorization-finetuned-20220721-164940-distilled-20220811-074207,105,0,0,0,10,14,
EMBO/sd-panelization-v2,8,3,51,28,0,4,4
RVN/BERTovski,6,0,29,15,22,7,
carted-nlp/categorization-finetuned-20220721-164940-distilled-20220810-123313,61,17,6,6,15,26,
carted-nlp/categorization-finetuned-20220721-164940-distilled-20220810-185342,108,0,3,0,3,14,
EMBO/sd-geneprod-roles-v2,12,5,34,22,3,4,
EMBO/sd-smallmol-roles-v2,10,0,33,22,0,1,
kaliani/flair-ner-skill,24,27,0,22,29,16,11
TMUUED/t5_fcg_2022,76,0,1,0,6,,
harveyagraphcore/roberta-base-finetuned-squad,48,0,12,0,36,,
AkashKhamkar/InSumT510k,68,18,5,3,,,
MayaGalvez/bert-base-multilingual-cased-finetuned-ner,,36,6,0,23,1,
dminiotas05/distilbert-base-uncased-finetuned-ft1500_norm300,7,35,,,,,
z-rahimi-r/mbart-large-50-finetuned-v1,6,27,7,1,6,1,
RVN/XLMR-MaCoCu-tr,10,23,5,,,,
upsalite/xlm-roberta-base-finetuned-emotion-17-labels,19,23,0,0,6,,
ahadda5/bart_cve150k_v3,18,13,3,10,0,1,
karan21/DialoGPT-medium-guin,58,5,0,0,5,,
aks234/t5-small-finetuned-xsum,17,0,16,,,,
Ammar-alhaj-ali/arabic-MARBERT-dialect-identification-city,24,9,3,4,8,6,
tner/roberta-large-bionlp2004,7,23,6,0,0,1,2
Jinchen/roberta-base-finetuned-wikitext2,6,0,11,0,36,2,
tner/roberta-large-tweebank-ner,7,5,4,14,12,2,
karan21/DialoGPT-medium-rickandmorty,46,8,,,,,
roscoyoon/distilbert-base-uncased-distilled,26,,,,,,
tner/deberta-v3-large-fin,18,2,0,0,0,14,
tner/roberta-large-fin,19,3,0,0,0,12,1
bdunnette/derbynames-aitextgen,4,13,6,9,10,,
cansen88/PromptGenerator_32_topic_finetuned,16,19,0,5,23,4,
ccsobral/distilbert-base-uncased-finetuned-cola,1,9,21,,,,
Kk2k/distilbert_e-commerce_data,7,15,15,0,5,11,11
MelikeDulkadir/output,25,5,2,0,3,,
RVN/XLMR-BERTovski,3,0,7,0,0,10,
huggingtweets/apesahoy-dril-dril_gpt2-fakeshowbiznews-gptupaguy-nsp_gpt2,36,3,,,,,
waynedsouza/distilbert-base-uncased-gc-art1e,18,1,0,0,2,,
Kyleiwaniec/COS_TAPT_n_RoBERTa_STS,10,2,1,0,1,12,16
mariolinml/roberta_large-chunking_0811_v7,2,3,12,9,15,2,
WLD/autotrain-Sum-1235946916,12,2,7,,,,
AI-Growth-Lab/Pap2PatentSBERTa,5,0,13,1,,,
HCKLab/BiBert-Classification,3,0,12,1,0,7,1
elopezlopez/roberta-base_fold_1_binary_v1,4,0,12,0,0,2,
ultra-coder54732/4-way-detection-prop-16,10,0,10,0,0,2,
RVN/MaltBERTa,5,0,11,,,,
sepidmnorozy/sentiment-10Epochs-2-work-please,20,3,,,,,
tner/roberta-large-mit-restaurant,11,2,3,3,0,3,
Ramavill/twBETO_v0,5,9,3,8,3,3,
SushantGautam/SportsSum,10,1,0,0,13,,
cansen88/PromptGenerator_5_topic_finetuned,13,6,1,0,1,5,
dquisi/story_spanish_gpt2_v2,5,5,0,9,5,,
takuma/results,10,14,,,,,
SamuelYang/SentMAE_BEIR,10,7,1,,,,
dquisi/story_spanish_gpt2_by_category,9,6,,,,,
roscoyoon/distilbert-base-uncased-finetuned,17,,,,,,
Farshid/bert-large-uncased-financial-phrasebank-allagree2,5,0,4,0,0,5,2
Gausstein26/wav2vec2-base-50k,25,,,,,,
excode/distilbert-amazon-shoe-reviews_ubuntu,9,0,1,4,1,1,1
asvs/qs-classifier,14,0,0,0,0,2,1
Sophiejs/DialoGPT-small-BlaineBot,25,,,,,,
dminiotas05/distilbert-base-uncased-finetuned-ft1500_norm500_aug2-3,12,,,,,,
DevashishSiwatch/wav2vec2-large-timit-demo-google-colab,11,,,,,,
Lvxue/distilled-mt5-small-0.0-0.5,10,,,,,,
Lvxue/distilled-mt5-small-0.07-0.5,10,,,,,,
Lvxue/distilled-mt5-small-0.4-2,13,0,3,,,,
Lvxue/distilled-mt5-small-0.8-0.25,10,,,,,,
Lvxue/distilled-mt5-small-0.8-0.5,10,,,,,,
Lvxue/distilled-mt5-small-0.8-1,10,,,,,,
Lvxue/distilled-mt5-small-0.8-2,10,,,,,,
SamuelYang/SentMAE_MSMARCO,15,3,0,1,,,
cansen88/PromptGenerator_5_topic,9,0,0,0,5,6,
haesun/distilbert-base-uncased-distilled-clinc,12,,,,,,
Kk2k/distilbert_base_uncased_finetuned_custom_ecomm,8,0,6,,,,
Lvxue/distilled-mt5-small-0.05-0.5,10,,,,,,
Lvxue/distilled-mt5-small-0.05-1,10,,,,,,
Lvxue/distilled-mt5-small-0.07-0.25,10,,,,,,
jhonparra18/bert-cvs-estimation-years-experience,15,0,0,0,0,1,1
Jateendra/nlp_bert_emo_classifier,7,0,0,0,3,3,
Lvxue/distilled-mt5-small-0.05-0.25,12,,,,,,
PhucLe/autotrain-LRO-tratify-data-1237947025,3,12,,,,,
RVN/XLMR-MaCoCu-is,9,0,0,0,0,3,
ahsanjavid/convnext-tiny-finetuned-cifar10,11,0,0,0,0,2,
amitkayal/bert-finetuned-sem_eval-english,2,3,0,3,0,5,
candra/wav2vec2-large-xls-r-300m-indonesia-colab,8,0,0,0,5,,
derwahnsinn/gpt2-sheldor1,17,,,,,,
qinguan/autotrain-dl-assignment-two-part-one,9,0,0,6,,,
tner/roberta-large-btc,4,2,0,3,3,3,
HCKLab/BiBert-linear,,1,4,1,0,1,1
Lvxue/distilled-mt5-small-0.03-0.5,12,,,,,,
Lvxue/distilled-mt5-small-010099_1,10,,,,,,
SmartPy/xlm-roberta-base-finetuned-my_dear_watson,9,,,,,,
Taoseef/XLM-roberta-finetuned,14,,,,,,
brianpaiva/bert-base-squad-v2-portuguese,5,2,0,0,1,,
harish/t5-e2e-10epochs-lr1e4-alpha0-1PLUSalpha0-9-e30,9,,,,,,
lilrhexi/finetuning-sentiment-model-3000-samples,5,3,,,,,
yokoe/pegasus-samsum,3,0,0,0,5,,
DevashishSiwatch/wav2vec2-base-timit-demo-google-colab,8,,,,,,
Lvxue/distilled-mt5-small-0.03-1,12,,,,,,
Lvxue/distilled-mt5-small-0.2-1,10,,,,,,
Lvxue/distilled-mt5-small-0.6-5,10,,,,,,
Lvxue/distilled-mt5-small-010099-1.5,10,,,,,,
cansen88/PromptGenerator_32_topic,13,,,,,,
cm-mueller/BACnet-Klassifizierung-Sanitaertechnik,5,0,0,2,0,3,
harish/t5-e2e-10epochs-lr1e4-alpha0-1PLUSalpha0-9-e10,6,,,,,,
harish/t5-e2e-10epochs-lr1e4-alpha0-1PLUSalpha0-9-e20,6,,,,,,
harish/t5-e2e-10epochs-lr1e4-alpha0-5,6,,,,,,
harish/t5-e2e-10epochs-lr1e4-alpha0-9,6,,,,,,
philschmid/clip-zero-shot-image-classification,7,,,,,,
tahercoolguy/gptj_8_bit,1,3,3,,,,
DOOGLAK/Article_250v5_NER_Model_3Epochs_AUGMENTED,4,0,0,0,0,3,
Lvxue/distilled-mt5-small-0.005-0.25,10,,,,,,
Lvxue/distilled-mt5-small-0.005-1,10,,,,,,
Lvxue/distilled-mt5-small-0.02-0.25,10,,,,,,
Lvxue/distilled-mt5-small-0.02-0.5,10,,,,,,
Lvxue/distilled-mt5-small-0.02-1,10,,,,,,
Lvxue/distilled-mt5-small-0.03-0.25,10,,,,,,
Lvxue/distilled-mt5-small-0.2-0.25,10,,,,,,
Lvxue/distilled-mt5-small-0.2-2,8,,,,,,
Lvxue/distilled-mt5-small-0.2-5,10,,,,,,
Lvxue/distilled-mt5-small-0.4-0.25,10,,,,,,
Lvxue/distilled-mt5-small-0.4-1,10,,,,,,
Lvxue/distilled-mt5-small-0.4-5,8,,,,,,
Lvxue/distilled-mt5-small-0.6-0.25,10,,,,,,
Lvxue/distilled-mt5-small-0.6-0.5,10,,,,,,
Lvxue/distilled-mt5-small-0.6-1,10,,,,,,
Lvxue/distilled-mt5-small-00001b,10,,,,,,
Lvxue/distilled-mt5-small-010099-0.5,10,,,,,,
Lvxue/distilled-mt5-small-010099-0.75,10,,,,,,
Lvxue/distilled-mt5-small-010099-5,10,,,,,,
Lvxue/distilled-mt5-small-1-0.25,10,,,,,,
Lvxue/distilled-mt5-small-1-0.5,10,,,,,,
Lvxue/distilled-mt5-small-1-1,10,,,,,,
Lvxue/distilled-mt5-small-1b0000,10,,,,,,
Lvxue/distilled-mt5-small-1t9901,10,,,,,,
Mozart-coder/dna_bert_3_1000seq-finetuned,6,,,,,,
blackp2/finetuning-sentiment-model-3000-samples,7,3,,,,,
dlyfar/opus-mt-en-ro-finetuned-en-to-ro,8,,,,,,
elopezlopez/Bio_ClinicalBERT_fold_7_ternary_v1,3,0,0,0,0,2,
huggingtweets/apesahoy-chai_ste-fakeshowbiznews-gptupaguy-nsp_gpt2-powerdril_gpt2,9,,,,,,
phamvanlinh143/bert-finetuned-ner,8,,,,,,
phamvanlinh143/distilbert-base-uncased-finetuned-imdb,9,,,,,,
Chrispfield/bert-base-uncased-issues-128,3,0,1,,,,
DOOGLAK/Article_500v6_NER_Model_3Epochs_AUGMENTED,5,0,0,0,0,1,
DOOGLAK/Tagged_One_50v1_NER_Model_3Epochs_AUGMENTED,5,0,0,3,,,
Lvxue/distilled-mt5-small-0.2-0.5,8,,,,,,
Lvxue/distilled-mt5-small-0.4-0.5,8,,,,,,
Lvxue/distilled-mt5-small-010099-10,8,,,,,,
RVN/XLMR-MaltBERTa,3,1,,,,,
SmartPy/xlm-roberta-base-finetuned-my_dear_watson2,6,,,,,,
bthomas/tuto-bert-finetuned-ner,6,,,,,,
elopezlopez/Bio_ClinicalBERT_fold_10_ternary_v1,3,0,0,0,0,2,
elopezlopez/Bio_ClinicalBERT_fold_6_ternary_v1,3,0,0,0,0,2,
elopezlopez/Bio_ClinicalBERT_fold_8_ternary_v1,3,0,0,0,0,2,
elopezlopez/Bio_ClinicalBERT_fold_9_ternary_v1,3,0,0,0,0,2,
harish/t5-e2e-5epochs-lr1e4-alpha0-5-BLANKS,2,0,0,6,,,
jmurphy97/distilbert-base-uncased-finetuned-emotion,3,0,0,0,0,2,
waynedsouza/distilbert-base-uncased-gc-art3e,6,,,,,,
yokoe/distilbert-base-uncased-finetuned-emotion,3,0,0,0,1,2,
DOOGLAK/Article_250v1_NER_Model_3Epochs_AUGMENTED,3,,,,,,
DOOGLAK/Article_500v2_NER_Model_3Epochs_UNAUGMENTED,5,,,,,,
DOOGLAK/Article_50v7_NER_Model_3Epochs_AUGMENTED,5,,,,,,
DOOGLAK/Tagged_One_500v9_NER_Model_3Epochs_AUGMENTED,4,,,,,,
amitkayal/distilbert-base-uncased-finetuned-ner,6,,,,,,
annahaz/xlm-roberta-base-misogyny-sexism-fr-indomain-bal,6,,,,,,
annahaz/xlm-roberta-base-misogyny-sexism-fr-indomain-trans,6,,,,,,
brookelove/finetuning-sentiment-model-3000-samples,2,3,0,0,0,3,
cswartout/tmppsychmodel,4,,,,,,
elopezlopez/xlnet-base-cased_fold_10_binary_v1,2,0,0,0,3,,
huggingtweets/apesahoy-dril9999-dril_gpt2-fakeshowbiznews-gptupaguy-nsp_gpt2,2,0,0,0,2,,
nasuka/distilbert-base-uncased-finetuned-emotion,2,0,0,0,0,4,
nateraw/yuhhh-continued-18k-steps,4,,,,,,
richardcai/distilbert-base-uncased-finetuned-emotion,3,0,0,0,0,2,
tner/deberta-v3-large-tweebank-ner,6,,,,,,
waynedsouza/distilbert-base-uncased-gc-art2e,3,,,,,,
zboxi7/finetuning-sentiment-model-4000-samples_en,3,3,,,,,
Ajai/covid_qa_bert,2,,,,,,
DOOGLAK/Article_100v0_NER_Model_3Epochs_UNAUGMENTED,2,,,,,,
DOOGLAK/Article_100v3_NER_Model_3Epochs_AUGMENTED,2,,,,,,
DOOGLAK/Article_100v4_NER_Model_3Epochs_AUGMENTED,2,,,,,,
DOOGLAK/Article_100v5_NER_Model_3Epochs_AUGMENTED,2,,,,,,
DOOGLAK/Article_100v6_NER_Model_3Epochs_AUGMENTED,2,,,,,,
DOOGLAK/Article_100v7_NER_Model_3Epochs_AUGMENTED,2,,,,,,
DOOGLAK/Article_100v8_NER_Model_3Epochs_AUGMENTED,2,,,,,,
DOOGLAK/Article_100v9_NER_Model_3Epochs_AUGMENTED,2,,,,,,
DOOGLAK/Article_250v0_NER_Model_3Epochs_AUGMENTED,2,,,,,,
DOOGLAK/Article_250v2_NER_Model_3Epochs_AUGMENTED,2,,,,,,
DOOGLAK/Article_250v3_NER_Model_3Epochs_AUGMENTED,2,,,,,,
DOOGLAK/Article_250v4_NER_Model_3Epochs_AUGMENTED,2,,,,,,
DOOGLAK/Article_250v6_NER_Model_3Epochs_AUGMENTED,2,,,,,,
DOOGLAK/Article_250v7_NER_Model_3Epochs_AUGMENTED,2,,,,,,
DOOGLAK/Article_250v8_NER_Model_3Epochs_AUGMENTED,2,,,,,,
DOOGLAK/Article_250v9_NER_Model_3Epochs_AUGMENTED,2,,,,,,
DOOGLAK/Article_500v0_NER_Model_3Epochs_AUGMENTED,2,,,,,,
DOOGLAK/Article_500v1_NER_Model_3Epochs_AUGMENTED,2,,,,,,
DOOGLAK/Article_500v2_NER_Model_3Epochs_AUGMENTED,2,,,,,,
DOOGLAK/Article_500v3_NER_Model_3Epochs_AUGMENTED,2,,,,,,
DOOGLAK/Article_500v4_NER_Model_3Epochs_AUGMENTED,2,,,,,,
DOOGLAK/Article_500v5_NER_Model_3Epochs_AUGMENTED,2,,,,,,
DOOGLAK/Article_500v6_NER_Model_3Epochs_UNAUGMENTED,2,,,,,,
DOOGLAK/Article_500v7_NER_Model_3Epochs_AUGMENTED,2,,,,,,
DOOGLAK/Article_500v8_NER_Model_3Epochs_AUGMENTED,2,,,,,,
DOOGLAK/Article_500v9_NER_Model_3Epochs_AUGMENTED,2,,,,,,
DOOGLAK/Article_50v0_NER_Model_3Epochs,2,,,,,,
DOOGLAK/Article_50v5_NER_Model_3Epochs_AUGMENTED,2,,,,,,
DOOGLAK/Article_50v9_NER_Model_3Epochs_AUGMENTED,2,,,,,,
DOOGLAK/Tagged_One_100v0_NER_Model_3Epochs_AUGMENTED,2,,,,,,
DOOGLAK/Tagged_One_100v1_NER_Model_3Epochs_AUGMENTED,2,,,,,,
DOOGLAK/Tagged_One_100v2_NER_Model_3Epochs_AUGMENTED,2,,,,,,
DOOGLAK/Tagged_One_100v3_NER_Model_3Epochs_AUGMENTED,2,,,,,,
DOOGLAK/Tagged_One_100v4_NER_Model_3Epochs_AUGMENTED,2,,,,,,
DOOGLAK/Tagged_One_100v5_NER_Model_3Epochs_AUGMENTED,2,,,,,,
DOOGLAK/Tagged_One_100v6_NER_Model_3Epochs_AUGMENTED,2,,,,,,
DOOGLAK/Tagged_One_100v7_NER_Model_3Epochs_AUGMENTED,2,,,,,,
DOOGLAK/Tagged_One_100v8_NER_Model_3Epochs_AUGMENTED,2,,,,,,
DOOGLAK/Tagged_One_100v9_NER_Model_3Epochs_AUGMENTED,2,,,,,,
DOOGLAK/Tagged_One_250v0_NER_Model_3Epochs_AUGMENTED,2,,,,,,
DOOGLAK/Tagged_One_250v1_NER_Model_3Epochs_AUGMENTED,2,,,,,,
DOOGLAK/Tagged_One_250v2_NER_Model_3Epochs_AUGMENTED,2,,,,,,
DOOGLAK/Tagged_One_250v3_NER_Model_3Epochs_AUGMENTED,2,,,,,,
DOOGLAK/Tagged_One_250v4_NER_Model_3Epochs_AUGMENTED,2,,,,,,
DOOGLAK/Tagged_One_250v5_NER_Model_3Epochs_AUGMENTED,2,,,,,,
DOOGLAK/Tagged_One_250v6_NER_Model_3Epochs_AUGMENTED,2,,,,,,
DOOGLAK/Tagged_One_250v7_NER_Model_3Epochs_AUGMENTED,2,,,,,,
DOOGLAK/Tagged_One_250v8_NER_Model_3Epochs_AUGMENTED,2,,,,,,
DOOGLAK/Tagged_One_250v9_NER_Model_3Epochs_AUGMENTED,2,,,,,,
DOOGLAK/Tagged_One_500v0_NER_Model_3Epochs_AUGMENTED,2,,,,,,
DOOGLAK/Tagged_One_500v1_NER_Model_3Epochs_AUGMENTED,2,,,,,,
DOOGLAK/Tagged_One_500v2_NER_Model_3Epochs_AUGMENTED,2,,,,,,
DOOGLAK/Tagged_One_500v3_NER_Model_3Epochs_AUGMENTED,2,,,,,,
DOOGLAK/Tagged_One_500v4_NER_Model_3Epochs_AUGMENTED,2,,,,,,
DOOGLAK/Tagged_One_500v5_NER_Model_3Epochs_AUGMENTED,2,,,,,,
DOOGLAK/Tagged_One_500v6_NER_Model_3Epochs_AUGMENTED,2,,,,,,
DOOGLAK/Tagged_One_500v7_NER_Model_3Epochs_AUGMENTED,2,,,,,,
DOOGLAK/Tagged_One_500v8_NER_Model_3Epochs_AUGMENTED,4,,,,,,
DOOGLAK/Tagged_One_50v0_NER_Model_3Epochs_AUGMENTED,2,,,,,,
DOOGLAK/Tagged_One_50v2_NER_Model_3Epochs_AUGMENTED,2,,,,,,
DOOGLAK/Tagged_One_50v3_NER_Model_3Epochs_AUGMENTED,2,,,,,,
DOOGLAK/Tagged_One_50v4_NER_Model_3Epochs_AUGMENTED,2,,,,,,
DOOGLAK/Tagged_One_50v5_NER_Model_3Epochs_AUGMENTED,2,,,,,,
DOOGLAK/Tagged_One_50v6_NER_Model_3Epochs_AUGMENTED,2,,,,,,
DOOGLAK/Tagged_One_50v7_NER_Model_3Epochs_AUGMENTED,2,,,,,,
DOOGLAK/Tagged_One_50v8_NER_Model_3Epochs_AUGMENTED,2,,,,,,
DOOGLAK/Tagged_One_50v9_NER_Model_3Epochs_AUGMENTED,2,,,,,,
DOOGLAK/Tagged_Uni_100v1_NER_Model_3Epochs_AUGMENTED,4,,,,,,
DOOGLAK/Tagged_Uni_100v5_NER_Model_3Epochs_AUGMENTED,4,,,,,,
DOOGLAK/Tagged_Uni_100v6_NER_Model_3Epochs_AUGMENTED,4,,,,,,
DOOGLAK/Tagged_Uni_250v7_NER_Model_3Epochs_AUGMENTED,4,,,,,,
DOOGLAK/Tagged_Uni_250v8_NER_Model_3Epochs_AUGMENTED,4,,,,,,
DOOGLAK/Tagged_Uni_500v0_NER_Model_3Epochs_AUGMENTED,4,,,,,,
DOOGLAK/Tagged_Uni_500v1_NER_Model_3Epochs_AUGMENTED,4,,,,,,
DOOGLAK/Tagged_Uni_500v2_NER_Model_3Epochs_AUGMENTED,4,,,,,,
DOOGLAK/Tagged_Uni_50v1_NER_Model_3Epochs_AUGMENTED,2,,,,,,
DOOGLAK/Tagged_Uni_50v3_NER_Model_3Epochs_AUGMENTED,2,,,,,,
DOOGLAK/Tagged_Uni_50v8_NER_Model_3Epochs_AUGMENTED,2,,,,,,
EMBO/test,2,0,1,,,,
Falcom/animal-classifier,5,,,,,,
ZhiyuanQiu/tc_model_save_Identification_DD,1,0,0,0,0,1,
amartyobanerjee/codeparrot-ds,3,,,,,,
bthomas/tuto-distilbert-base-uncased-mlm,2,,,,,,
harish/t5-e2e-2epochs-lr1e4-alpha0-5,2,,,,,,
huggingtweets/henryfarrell,2,,,,,,
huggingtweets/pilgrimbeart,2,,,,,,
mbarnig/opus-tatoeba-mt-lb-en,3,,,,,,
miguelwon/xlm-roberta-base-finetuned-panx-de,2,,,,,,
mojtaba767/bert-base-parsbert-uncased-finetuned-imdb,3,,,,,,
mojtaba767/bert-base-parsbert-uncased-finetuned-imdb-m,3,,,,,,
mvicentel/ddpm-butterflies-128,4,,,,,,
noiseBase/DialoGPT-small-HarryPotter,5,,,,,,
rootcodes/wav2vec2-large-xls-r-300m-turkish-colab,2,2,,,,,
roshan151/Model_output,2,,,,,,
DOOGLAK/Article_100v0_NER_Model_3Epochs_AUGMENTED,2,,,,,,
DOOGLAK/Article_100v1_NER_Model_3Epochs_AUGMENTED,2,,,,,,
DOOGLAK/Article_100v1_NER_Model_3Epochs_UNAUGMENTED,2,,,,,,
DOOGLAK/Article_100v2_NER_Model_3Epochs_AUGMENTED,2,,,,,,
DOOGLAK/Article_100v2_NER_Model_3Epochs_UNAUGMENTED,2,,,,,,
DOOGLAK/Article_100v3_NER_Model_3Epochs_UNAUGMENTED,2,,,,,,
DOOGLAK/Article_100v4_NER_Model_3Epochs_UNAUGMENTED,2,,,,,,
DOOGLAK/Article_100v5_NER_Model_3Epochs_UNAUGMENTED,2,,,,,,
DOOGLAK/Article_100v6_NER_Model_3Epochs_UNAUGMENTED,2,,,,,,
DOOGLAK/Article_100v7_NER_Model_3Epochs_UNAUGMENTED,2,,,,,,
DOOGLAK/Article_100v9_NER_Model_3Epochs_UNAUGMENTED,2,,,,,,
DOOGLAK/Article_250v0_NER_Model_3Epochs_UNAUGMENTED,2,,,,,,
DOOGLAK/Article_250v1_NER_Model_3Epochs_UNAUGMENTED,2,,,,,,
DOOGLAK/Article_250v2_NER_Model_3Epochs_UNAUGMENTED,2,,,,,,
DOOGLAK/Article_250v3_NER_Model_3Epochs_UNAUGMENTED,2,,,,,,
DOOGLAK/Article_250v4_NER_Model_3Epochs_UNAUGMENTED,2,,,,,,
DOOGLAK/Article_250v5_NER_Model_3Epochs_UNAUGMENTED,2,,,,,,
DOOGLAK/Article_250v6_NER_Model_3Epochs_UNAUGMENTED,2,,,,,,
DOOGLAK/Article_250v7_NER_Model_3Epochs_UNAUGMENTED,2,,,,,,
DOOGLAK/Article_500v0_NER_Model_3Epochs_UNAUGMENTED,2,,,,,,
DOOGLAK/Article_500v1_NER_Model_3Epochs_UNAUGMENTED,2,,,,,,
DOOGLAK/Article_500v4_NER_Model_3Epochs_UNAUGMENTED,2,,,,,,
DOOGLAK/Article_500v5_NER_Model_3Epochs_UNAUGMENTED,2,,,,,,
DOOGLAK/Article_500v7_NER_Model_3Epochs_UNAUGMENTED,2,,,,,,
DOOGLAK/Article_500v8_NER_Model_3Epochs_UNAUGMENTED,2,,,,,,
DOOGLAK/Article_500v9_NER_Model_3Epochs_UNAUGMENTED,2,,,,,,
DOOGLAK/Article_50v0_NER_Model_3Epochs_AUGMENTED,2,,,,,,
DOOGLAK/Article_50v0_NER_Model_3Epochs_UNAUGMENTED,2,,,,,,
DOOGLAK/Article_50v1_NER_Model_3Epochs_AUGMENTED,2,,,,,,
DOOGLAK/Article_50v1_NER_Model_3Epochs_UNAUGMENTED,2,,,,,,
DOOGLAK/Article_50v2_NER_Model_3Epochs_AUGMENTED,2,,,,,,
DOOGLAK/Article_50v2_NER_Model_3Epochs_UNAUGMENTED,2,,,,,,
DOOGLAK/Article_50v3_NER_Model_3Epochs_AUGMENTED,2,,,,,,
DOOGLAK/Article_50v3_NER_Model_3Epochs_UNAUGMENTED,2,,,,,,
DOOGLAK/Article_50v4_NER_Model_3Epochs_AUGMENTED,2,,,,,,
DOOGLAK/Article_50v4_NER_Model_3Epochs_UNAUGMENTED,2,,,,,,
DOOGLAK/Article_50v5_NER_Model_3Epochs_UNAUGMENTED,2,,,,,,
DOOGLAK/Article_50v6_NER_Model_3Epochs_AUGMENTED,2,,,,,,
DOOGLAK/Article_50v6_NER_Model_3Epochs_UNAUGMENTED,2,,,,,,
DOOGLAK/Article_50v7_NER_Model_3Epochs_UNAUGMENTED,2,,,,,,
DOOGLAK/Article_50v8_NER_Model_3Epochs_AUGMENTED,2,,,,,,
DOOGLAK/Article_50v8_NER_Model_3Epochs_UNAUGMENTED,2,,,,,,
DOOGLAK/Article_50v9_NER_Model_3Epochs_UNAUGMENTED,2,,,,,,
DOOGLAK/Tagged_Uni_100v0_NER_Model_3Epochs_AUGMENTED,2,,,,,,
DOOGLAK/Tagged_Uni_100v2_NER_Model_3Epochs_AUGMENTED,2,,,,,,
DOOGLAK/Tagged_Uni_100v3_NER_Model_3Epochs_AUGMENTED,2,,,,,,
DOOGLAK/Tagged_Uni_100v4_NER_Model_3Epochs_AUGMENTED,2,,,,,,
DOOGLAK/Tagged_Uni_100v7_NER_Model_3Epochs_AUGMENTED,2,,,,,,
DOOGLAK/Tagged_Uni_100v8_NER_Model_3Epochs_AUGMENTED,2,,,,,,
DOOGLAK/Tagged_Uni_100v9_NER_Model_3Epochs_AUGMENTED,2,,,,,,
DOOGLAK/Tagged_Uni_250v0_NER_Model_3Epochs_AUGMENTED,2,,,,,,
DOOGLAK/Tagged_Uni_250v1_NER_Model_3Epochs_AUGMENTED,2,,,,,,
DOOGLAK/Tagged_Uni_250v2_NER_Model_3Epochs_AUGMENTED,2,,,,,,
DOOGLAK/Tagged_Uni_250v3_NER_Model_3Epochs_AUGMENTED,2,,,,,,
DOOGLAK/Tagged_Uni_250v4_NER_Model_3Epochs_AUGMENTED,2,,,,,,
DOOGLAK/Tagged_Uni_250v5_NER_Model_3Epochs_AUGMENTED,2,,,,,,
DOOGLAK/Tagged_Uni_250v6_NER_Model_3Epochs_AUGMENTED,2,,,,,,
DOOGLAK/Tagged_Uni_250v9_NER_Model_3Epochs_AUGMENTED,2,,,,,,
DOOGLAK/Tagged_Uni_500v3_NER_Model_3Epochs_AUGMENTED,2,,,,,,
DOOGLAK/Tagged_Uni_500v4_NER_Model_3Epochs_AUGMENTED,2,,,,,,
DOOGLAK/Tagged_Uni_500v5_NER_Model_3Epochs_AUGMENTED,2,,,,,,
DOOGLAK/Tagged_Uni_500v6_NER_Model_3Epochs_AUGMENTED,2,,,,,,
DOOGLAK/Tagged_Uni_500v7_NER_Model_3Epochs_AUGMENTED,2,,,,,,
DOOGLAK/Tagged_Uni_500v8_NER_Model_3Epochs_AUGMENTED,2,,,,,,
DOOGLAK/Tagged_Uni_500v9_NER_Model_3Epochs_AUGMENTED,2,,,,,,
DOOGLAK/Tagged_Uni_50v0_NER_Model_3Epochs_AUGMENTED,2,,,,,,
DOOGLAK/Tagged_Uni_50v2_NER_Model_3Epochs_AUGMENTED,2,,,,,,
DOOGLAK/Tagged_Uni_50v4_NER_Model_3Epochs_AUGMENTED,2,,,,,,
DOOGLAK/Tagged_Uni_50v5_NER_Model_3Epochs_AUGMENTED,2,,,,,,
DOOGLAK/Tagged_Uni_50v6_NER_Model_3Epochs_AUGMENTED,2,,,,,,
DOOGLAK/Tagged_Uni_50v7_NER_Model_3Epochs_AUGMENTED,2,,,,,,
DOOGLAK/Tagged_Uni_50v9_NER_Model_3Epochs_AUGMENTED,2,,,,,,
Jinchen/gpt2-finetuned-wikitext2,2,,,,,,
Yao92/distilbert-base-uncased-finetuned-cola,2,,,,,,
elopezlopez/xlnet-base-cased_fold_1_binary_v1,2,,,,,,
elopezlopez/xlnet-base-cased_fold_2_binary_v1,2,,,,,,
elopezlopez/xlnet-base-cased_fold_4_binary_v1,2,,,,,,
elopezlopez/xlnet-base-cased_fold_5_binary_v1,2,,,,,,
elopezlopez/xlnet-base-cased_fold_9_binary_v1,2,,,,,,
gostrive/distilbert-base-uncased-finetuned-squad-d5716d28,2,,,,,,
huggingtweets/anime,2,,,,,,
human/lm-colab-tutorial,2,,,,,,
jmassot/xlm-roberta-base-jm-finetuned-panx-it_hub,2,,,,,,
oddood/bert-finetuned-squad,1,,,,,,
ricardo-filho/bert_base_tcm_0.9_10_epochs,2,,,,,,
royam0820/xlm-roberta-base-finetuned-panx-all,2,,,,,,
royam0820/xlm-roberta-base-finetuned-panx-en,2,,,,,,
royam0820/xlm-roberta-base-finetuned-panx-it,2,,,,,,
spacemanidol/esci-es-mpnet-crossencoder,2,,,,,,
yokoe/xlm-roberta-base-finetuned-panx-de-fr,2,,,,,,
